{
    "vasp": {
        "LiCoO2-0-0.5": {
            "voltage": 3.640241
        },
        "LiCoO2-0.5-1.0": {
            "voltage": 4.021868
        },
        "LiCrO2-0-0.5": {
            "voltage": 3.819914
        },
        "LiCrO2-0.5-1.0": {
            "voltage": 4.248331
        },
        "LiNiO2-0-0.5": {
            "voltage": 3.530954
        },
        "LiNiO2-0.5-1.0": {
            "voltage": 4.054746
        },
        "LiMnO2-0-0.5": {
            "voltage": 3.195846
        },
        "LiMnO2-0.5-1.0": {
            "voltage": 3.263104
        },
        "LiFeO2-0-0.5": {
            "voltage": 3.992997
        },
        "LiFeO2-0.5-1.0": {
            "voltage": 4.208734
        },
        "NaCoO2-0-0.5": {
            "voltage": 2.437192
        },
        "NaCoO2-0.5-1.0": {
            "voltage": 3.551067
        },
        "NaCrO2-0-0.5": {
            "voltage": 2.968696
        },
        "NaCrO2-0.5-1.0": {
            "voltage": 3.705916
        },
        "NaFeO2-0-0.5": {
            "voltage": 3.164463
        },
        "NaFeO2-0.5-1.0": {
            "voltage": 3.668925
        },
        "NaMnO2-0-0.5": {
            "voltage": 2.340871
        },
        "NaMnO2-0.5-1.0": {
            "voltage": 2.739763
        },
        "NaNiO2-0-0.5": {
            "voltage": 2.723104
        },
        "NaNiO2-0.5-1.0": {
            "voltage": 3.382545
        }
    }
}