{
    "vasp": {
        "001_CoO2": {
            "band_gap": 1.162
        },
        "001_Li0.5CoO2": {
            "band_gap": 1.079,
            "cell": [
                [
                    5.610721435,
                    -0.008696341,
                    -0.032795
                ],
                [
                    -2.780743504,
                    4.873183779,
                    0.033757924
                ],
                [
                    -0.242790276,
                    0.138356644,
                    14.248345686
                ]
            ]
        },
        "001_LiCoO2": {
            "band_gap": 2.327,
            "cell": [
                [
                    5.652444428,
                    4.235e-06,
                    8.829e-06
                ],
                [
                    -2.82640736,
                    4.895054943,
                    -8.201e-06
                ],
                [
                    0.000220898,
                    -0.00014292,
                    13.966371836
                ]
            ]
        },
        "001_Na0.5CoO2": {
            "band_gap": 1.033
        },
        "001_NaCoO2": {
            "band_gap": 2.241
        },
        "002_CrO2": {
            "band_gap": 0.396
        },
        "002_Li0.5CrO2": {
            "band_gap": 0.531,
            "cell": [
                [
                    5.933715969,
                    -0.030550642,
                    0.000971062
                ],
                [
                    -2.960028245,
                    5.083199865,
                    0.01083951
                ],
                [
                    -0.168513505,
                    0.124191297,
                    14.383946137
                ]
            ]
        },
        "002_LiCrO2": {
            "band_gap": 3.109,
            "cell": [
                [
                    5.932389878,
                    0.000326652,
                    -1.9931e-05
                ],
                [
                    -2.966457905,
                    5.137447087,
                    1.245e-05
                ],
                [
                    7.0643e-05,
                    -8.5908e-05,
                    14.325390713
                ]
            ]
        },
        "002_Na0.5CrO2": {
            "band_gap": 0.599
        },
        "002_NaCrO2": {
            "band_gap": 2.973
        },
        "003_FeO2": {
            "band_gap": 0.0
        },
        "003_FeO2-JT": {
            "band_gap": 0.0
        },
        "003_Li0.5FeO2": {
            "band_gap": 0.0,
            "cell": [
                [
                    5.874154384,
                    0.047892134,
                    0.168160613
                ],
                [
                    -2.861808215,
                    5.129908912,
                    -0.167365935
                ],
                [
                    0.238650549,
                    -0.142422419,
                    14.50328415
                ]
            ]
        },
        "003_LiFeO2": {
            "band_gap": 1.896,
            "cell": [
                [
                    5.933894303,
                    0.000464068,
                    -8.969e-06
                ],
                [
                    -2.967389404,
                    5.138649623,
                    8.583e-06
                ],
                [
                    -0.000123916,
                    5.7098e-05,
                    14.463283931
                ]
            ]
        },
        "003_Na0.5FeO2": {
            "band_gap": 0.0
        },
        "003_NaFeO2": {
            "band_gap": 2.091
        },
        "004_Li0.5MnO2": {
            "band_gap": 0.34,
            "cell": [
                [
                    5.990814166,
                    -0.10772072,
                    0.016820556
                ],
                [
                    -3.054555246,
                    5.153887796,
                    -0.015100111
                ],
                [
                    -0.128376447,
                    0.073705134,
                    14.518787571
                ]
            ]
        },
        "004_LiMnO2": {
            "band_gap": 1.271,
            "cell": [
                [
                    6.199876158,
                    -0.041406107,
                    -0.058196566
                ],
                [
                    -3.525564654,
                    5.099374844,
                    0.058679263
                ],
                [
                    -1.169163249,
                    0.618380293,
                    14.479861532
                ]
            ]
        },
        "004_LiMnO2-JT": {
            "band_gap": 1.248,
            "cell": [
                [
                    11.02644795,
                    8.167e-06,
                    -0.084994301
                ],
                [
                    4.248e-06,
                    5.714861308,
                    8.254e-06
                ],
                [
                    -4.646914672,
                    5.56e-07,
                    9.67865984
                ]
            ]
        },
        "004_MnO2": {
            "band_gap": 1.371
        },
        "004_Na0.5MnO2": {
            "band_gap": 0.528
        },
        "004_NaMnO2": {
            "band_gap": 1.273
        },
        "004_NaMnO2-JT": {
            "band_gap": 1.255
        },
        "005_Li0.5NiO2": {
            "band_gap": 0.24,
            "cell": [
                [
                    5.517209037,
                    -0.071595916,
                    -0.001846041
                ],
                [
                    -2.786137179,
                    4.983649172,
                    -0.045317872
                ],
                [
                    -0.166785353,
                    -0.042418539,
                    14.288867819
                ]
            ]
        },
        "005_LiNiO2": {
            "band_gap": 0.0,
            "cell": [
                [
                    5.75901767,
                    -0.000567946,
                    -0.000974808
                ],
                [
                    -2.882687183,
                    4.981980421,
                    0.001291936
                ],
                [
                    -0.009778622,
                    0.018252185,
                    14.102716775
                ]
            ]
        },
        "005_LiNiO2-JT": {
            "band_gap": 0.367,
            "cell": [
                [
                    10.26253911,
                    -1.292e-06,
                    0.000374566
                ],
                [
                    -6.99e-07,
                    5.546883634,
                    -1.544e-06
                ],
                [
                    -3.861039764,
                    -7.569e-06,
                    9.378751663
                ]
            ]
        },
        "005_Na0.5NiO2": {
            "band_gap": 0.0
        },
        "005_NaNiO2": {
            "band_gap": 0.472
        },
        "005_NaNiO2-JT": {
            "band_gap": 0.423
        },
        "005_NiO2": {
            "band_gap": 1.246
        }
    },
    "qe": {
        "000_bcc-Li": {
            "band_gap": 0
        },
        "000_bcc-Na": {
            "band_gap": 0
        },
        "001_CoO2": {
            "band_gap": null
        },
        "001_Li0.5CoO2": {
            "band_gap": 0.8315082189728766
        },
        "001_LiCoO2": {
            "band_gap": 2.300779023378123
        },
        "001_Na0.5CoO2": {
            "band_gap": 0.7123774976269255
        },
        "001_NaCoO2": {
            "band_gap": 2.2305205246876234
        },
        "002_CrO2": {
            "band_gap": 0
        },
        "002_Li0.5CrO2": {
            "band_gap": 0
        },