{
    "vasp": {
        "LiCoO2-0-0.5": {
            "voltage": 3.592394248
        },
        "LiCoO2-0.5-1.0": {
            "voltage": 4.106443285
        },
        "LiCrO2-0-0.5": {
            "voltage": 3.77187988
        },
        "LiCrO2-0.5-1.0": {
            "voltage": 4.217794267
        },
        "LiFeO2-0-0.5": {
            "voltage": 3.961290268
        },
        "LiFeO2-0.5-1.0": {
            "voltage": 4.304902047
        },
        "LiMnO2-0-0.5": {
            "voltage": 3.168385628
        },
        "LiMnO2-0.5-1.0": {
            "voltage": 3.351760673
        },
        "LiNiO2-0-0.5": {
            "voltage": 3.500474743
        },
        "LiNiO2-0.5-1.0": {
            "voltage": 4.16713982
        },
        "NaCoO2-0-0.5": {
            "voltage": 2.412206528
        },
        "NaCoO2-0.5-1.0": {
            "voltage": 3.776757247
        },
        "NaCrO2-0-0.5": {
            "voltage": 2.880819437
        },
        "NaCrO2-0.5-1.0": {
            "voltage": 3.942545258
        },
        "NaFeO2-0-0.5": {
            "voltage": 3.05289936
        },
        "NaFeO2-0.5-1.0": {
            "voltage": 4.016042862
        },
        "NaMnO2-0-0.5": {
            "voltage": 2.339718368
        },
        "NaMnO2-0.5-1.0": {
            "voltage": 3.145975013
        },
        "NaNiO2-0-0.5": {
            "voltage": 2.663945638
        },
        "NaNiO2-0.5-1.0": {
            "voltage": 3.762959363
        }
    }
}